{
	"class_name" : "PinholeCameraParameters",
	"extrinsic" : 
	[
		0.60938665886536381,
		-0.47765954463684013,
		0.63284220735838681,
		0.0,
		-0.79191157066500961,
		-0.32737598270511564,
		0.51546195804805772,
		0.0,
		-0.039037984627622813,
		-0.81527070679939584,
		-0.57776267652992885,
		0.0,
		-0.24254946646923703,
		-9.4569359832889095,
		43.415714621756926,
		1.0
	],
	"intrinsic" : 
	{
		"height" : 1080,
		"intrinsic_matrix" : 
		[
			935.30743608719376,
			0.0,
			0.0,
			0.0,
			935.30743608719376,
			0.0,
			959.5,
			539.5,
			1.0
		],
		"width" : 1920
	},
	"version_major" : 1,
	"version_minor" : 0
}